<?xml version="1.0" encoding="UTF-8"?>
<beans xmlns="http://www.springframework.org/schema/beans" xmlns:p="http://www.springframework.org/schema/p" xmlns:xsi="http://www.w3.org/2001/XMLSchema-instance" xmlns:context="http://www.springframework.org/schema/context" 
	xmlns:mvc="http://www.springframework.org/schema/mvc"
	xmlns:aop="http://www.springframework.org/schema/aop"
	xsi:schemaLocation="http://www.springframework.org/schema/beans 
	 http://www.springframework.org/schema/beans/spring-beans.xsd 
	 http://www.springframework.org/schema/context 
	 http://www.springframework.org/schema/context/spring-context.xsd
	 http://www.springframework.org/schema/mvc 
	 http://www.springframework.org/schema/mvc/spring-mvc-4.0.2.xsd
	 http://www.springframework.org/schema/aop
	 http://www.springframework.org/schema/aop/spring-aop.xsd">
	<mvc:annotation-driven>
		<mvc:message-converters>
			<bean class="org.springframework.http.converter.StringHttpMessageConverter"/>
			<bean class="org.springframework.http.converter.json.MappingJackson2HttpMessageConverter"/>
		</mvc:message-converters>
	</mvc:annotation-driven>
	
	<!-- 扫描controller（controller层注入） -->
	<context:component-scan base-package="com.ximo.controller,com.ximo.aop" />
	<aop:aspectj-autoproxy/>
	
	<!-- 避免IE在ajax请求时，返回json出现下载 -->
	<bean id="mappingJackson2HttpMessageConverter" class="org.springframework.http.converter.json.MappingJackson2HttpMessageConverter">
		<property name="supportedMediaTypes">
			<list>
				<value>text/html;charset=UTF-8</value>
				<value>text/json;charset=UTF-8</value>
				<value>application/json;charset=UTF-8</value>
			</list>
		</property>
	</bean>
	
	<!-- 对模型视图添加前后缀 -->
	<bean id="viewResolver" class="org.springframework.web.servlet.view.UrlBasedViewResolver">
		<property name="viewClass" value="org.springframework.web.servlet.view.JstlView" />
		<property name="prefix" value="/WEB-INF/" />
		<property name="suffix" value=".jsp" />
	</bean>

	<bean class="org.springframework.web.servlet.handler.SimpleMappingExceptionResolver">
		<!-- 定义默认的异常处理页面，当该异常类型的注册时使用 -->
		<property name="defaultErrorView" value="error"></property>
		<!-- 定义异常处理页面用来获取异常信息的变量名，默认名为exception -->
		<property name="exceptionAttribute" value="ex"></property>
		<!-- 定义需要特殊处理的异常，用类名或完全路径名作为key，异常也页名作为值 -->
		<property name="exceptionMappings">
			<props>
				<prop key="org.apache.shiro.authz.AuthorizationException">403</prop>
				<!-- 这里还可以继续扩展对不同异常类型的处理 -->
			</props>
		</property>
	</bean>

	<mvc:interceptors>
		<mvc:interceptor>
			<mvc:mapping path="/**" />
			<bean class="com.ximo.interceptor.LoginResolver" />
		</mvc:interceptor>
	</mvc:interceptors>
</beans>